{
    "cumulative_timesteps": 2900426,
    "cumulative_model_updates": 160,
    "policy_average_reward": 259.83605325790205,
    "epoch": 28,
    "ts_since_last_save": 700104,
    "reward_running_stats": {
        "mean": [
            60.105505700763885
        ],
        "var": [
            146060064.11173683
        ],
        "shape": [
            1
        ],
        "count": 4350
    }
}