{
    "cumulative_timesteps": 1200196,
    "cumulative_model_updates": 58,
    "policy_average_reward": 252.60811868865497,
    "epoch": 10,
    "ts_since_last_save": 1000162,
    "reward_running_stats": {
        "mean": [
            56.84177369313821
        ],
        "var": [
            98934589.52485007
        ],
        "shape": [
            1
        ],
        "count": 1800
    }
}